timeMs,capacityGbps,swiftGateGbps,swiftGateGbpsCi,swiftGateGbpsLow,swiftGateGbpsHigh,swiftGoodputGbps,swiftGoodputGbpsCi,swiftGoodputGbpsLow,swiftGoodputGbpsHigh,oscarGateGbps,oscarGateGbpsCi,oscarGateGbpsLow,oscarGateGbpsHigh,oscarGoodputGbps,oscarGoodputGbpsCi,oscarGoodputGbpsLow,oscarGoodputGbpsHigh,timelyGateGbps,timelyGateGbpsCi,timelyGateGbpsLow,timelyGateGbpsHigh,timelyGoodputGbps,timelyGoodputGbpsCi,timelyGoodputGbpsLow,timelyGoodputGbpsHigh,dcqcnGateGbps,dcqcnGateGbpsCi,dcqcnGateGbpsLow,dcqcnGateGbpsHigh,dcqcnGoodputGbps,dcqcnGoodputGbpsCi,dcqcnGoodputGbpsLow,dcqcnGoodputGbpsHigh
0.3,200.0,107.232894923,0.0,107.232894923,107.232894923,103.54688,0.0,103.54688,103.54688,199.805,0.0,199.805,199.805,198.57408,0.0,198.57408,198.57408,199.805,0.0,199.805,199.805,198.57408,0.0,198.57408,198.57408,199.805,0.0,199.805,199.805,198.57408,0.0,198.57408,198.57408
0.5,200.0,125.493367025,0.0,125.493367025,125.493367025,124.5184,0.0,124.5184,124.5184,199.805,0.0,199.805,199.805,198.57408,0.0,198.57408,198.57408,199.805,0.0,199.805,199.805,198.57408,0.0,198.57408,198.57408,199.805,0.0,199.805,199.805,198.57408,0.0,198.57408,198.57408
0.7,200.0,146.193303853,0.0,146.193303853,146.193303853,145.48992,0.0,145.48992,145.48992,199.805,0.0,199.805,199.805,198.57408,0.0,198.57408,198.57408,199.805,0.0,199.805,199.805,198.57408,0.0,198.57408,198.57408,199.805,0.0,199.805,199.805,198.57408,0.0,198.57408,198.57408
0.9,200.0,166.893240682,0.0,166.893240682,166.893240682,166.46144,0.0,166.46144,166.46144,199.805,0.0,199.805,199.805,198.57408,0.0,198.57408,198.57408,199.805,0.0,199.805,199.805,198.57408,0.0,198.57408,198.57408,199.805,0.0,199.805,199.805,198.57408,0.0,198.57408,198.57408
1.1,200.0,187.400804607,0.0,187.400804607,187.400804607,187.76064,0.0,187.76064,187.76064,199.805,0.0,199.805,199.805,198.57408,0.0,198.57408,198.57408,199.805,0.0,199.805,199.805,198.57408,0.0,198.57408,198.57408,199.805,0.0,199.805,199.805,198.57408,0.0,198.57408,198.57408
1.3,200.0,200.0,0.0,200.0,200.0,198.2464,0.0,198.2464,198.2464,199.681356218,0.0,199.681356218,199.681356218,198.57408,0.0,198.57408,198.57408,199.805,0.0,199.805,199.805,198.57408,0.0,198.57408,198.57408,199.805,0.0,199.805,199.805,198.57408,0.0,198.57408,198.57408
1.5,200.0,200.0,0.0,200.0,200.0,198.57408,0.0,198.57408,198.57408,198.593939394,0.0,198.593939394,198.593939394,198.57408,0.0,198.57408,198.57408,199.805,0.0,199.805,199.805,198.57408,0.0,198.57408,198.57408,199.805,0.0,199.805,199.805,198.57408,0.0,198.57408,198.57408
1.7,200.0,200.0,0.0,200.0,200.0,198.57408,0.0,198.57408,198.57408,198.593939394,0.0,198.593939394,198.593939394,198.57408,0.0,198.57408,198.57408,199.805,0.0,199.805,199.805,198.57408,0.0,198.57408,198.57408,199.805,0.0,199.805,199.805,198.57408,0.0,198.57408,198.57408
1.9,200.0,200.0,0.0,200.0,200.0,198.57408,0.0,198.57408,198.57408,198.593939394,0.0,198.593939394,198.593939394,198.57408,0.0,198.57408,198.57408,199.805,0.0,199.805,199.805,198.57408,0.0,198.57408,198.57408,199.805,0.0,199.805,199.805,198.57408,0.0,198.57408,198.57408
2.1,200.0,200.0,0.0,200.0,200.0,198.57408,0.0,198.57408,198.57408,198.593939394,0.0,198.593939394,198.593939394,198.57408,0.0,198.57408,198.57408,199.805,0.0,199.805,199.805,198.57408,0.0,198.57408,198.57408,199.805,0.0,199.805,199.805,198.57408,0.0,198.57408,198.57408
2.3,200.0,200.0,0.0,200.0,200.0,198.57408,0.0,198.57408,198.57408,198.593939394,0.0,198.593939394,198.593939394,198.57408,0.0,198.57408,198.57408,199.805,0.0,199.805,199.805,198.57408,0.0,198.57408,198.57408,199.805,0.0,199.805,199.805,198.57408,0.0,198.57408,198.57408
2.5,200.0,199.368201383,0.0,199.368201383,199.368201383,198.57408,0.0,198.57408,198.57408,198.593939394,0.0,198.593939394,198.593939394,198.90176,0.0,198.90176,198.90176,199.805,0.0,199.805,199.805,198.57408,0.0,198.57408,198.57408,199.805,0.0,199.805,199.805,198.57408,0.0,198.57408,198.57408
2.7,200.0,199.556484809,0.0,199.556484809,199.556484809,198.90176,0.0,198.90176,198.90176,198.593939394,0.0,198.593939394,198.593939394,198.57408,0.0,198.57408,198.57408,199.805,0.0,199.805,199.805,198.57408,0.0,198.57408,198.57408,199.805,0.0,199.805,199.805,198.57408,0.0,198.57408,198.57408
2.9,200.0,198.808900995,0.0,198.808900995,198.808900995,198.57408,0.0,198.57408,198.57408,198.593939394,0.0,198.593939394,198.593939394,198.57408,0.0,198.57408,198.57408,199.805,0.0,199.805,199.805,198.57408,0.0,198.57408,198.57408,199.805,0.0,199.805,199.805,198.57408,0.0,198.57408,198.57408
3.1,200.0,200.0,0.0,200.0,200.0,198.57408,0.0,198.57408,198.57408,198.593939394,0.0,198.593939394,198.593939394,198.57408,0.0,198.57408,198.57408,199.805,0.0,199.805,199.805,198.57408,0.0,198.57408,198.57408,199.805,0.0,199.805,199.805,198.57408,0.0,198.57408,198.57408
3.3,200.0,199.446025323,0.0,199.446025323,199.446025323,198.57408,0.0,198.57408,198.57408,198.593939394,0.0,198.593939394,198.593939394,198.57408,0.0,198.57408,198.57408,199.805,0.0,199.805,199.805,198.90176,0.0,198.90176,198.90176,199.805,0.0,199.805,199.805,198.90176,0.0,198.90176,198.90176
3.5,200.0,199.191099939,0.0,199.191099939,199.191099939,198.57408,0.0,198.57408,198.57408,198.593939394,0.0,198.593939394,198.593939394,198.57408,0.0,198.57408,198.57408,199.805,0.0,199.805,199.805,198.57408,0.0,198.57408,198.57408,199.805,0.0,199.805,199.805,198.57408,0.0,198.57408,198.57408
3.7,200.0,200.0,0.0,200.0,200.0,198.57408,0.0,198.57408,198.57408,198.593939394,0.0,198.593939394,198.593939394,198.57408,0.0,198.57408,198.57408,199.805,0.0,199.805,199.805,198.57408,0.0,198.57408,198.57408,199.805,0.0,199.805,199.805,198.57408,0.0,198.57408,198.57408
3.9,200.0,199.439535339,0.0,199.439535339,199.439535339,198.57408,0.0,198.57408,198.57408,198.593939394,0.0,198.593939394,198.593939394,198.57408,0.0,198.57408,198.57408,199.805,0.0,199.805,199.805,198.57408,0.0,198.57408,198.57408,199.805,0.0,199.805,199.805,198.57408,0.0,198.57408,198.57408
4.1,100.0,92.978071625,0.0,92.978071625,92.978071625,100.92544,0.0,100.92544,100.92544,99.4476,0.0,99.4476,99.4476,100.92544,0.0,100.92544,100.92544,121.6135,0.0,121.6135,121.6135,100.92544,0.0,100.92544,100.92544,199.805,0.0,199.805,199.805,100.92544,0.0,100.92544,100.92544
4.3,100.0,99.296969697,0.0,99.296969697,99.296969697,99.28704,0.0,99.28704,99.28704,99.4476,0.0,99.4476,99.4476,99.28704,0.0,99.28704,99.28704,39.3957,0.0,39.3957,39.3957,99.28704,0.0,99.28704,99.28704,195.048,0.0,195.048,195.048,99.28704,0.0,99.28704,99.28704
4.5,100.0,99.296969697,0.0,99.296969697,99.296969697,99.28704,0.0,99.28704,99.28704,99.4476,0.0,99.4476,99.4476,99.28704,0.0,99.28704,99.28704,67.82595,0.0,67.82595,67.82595,73.40032,0.0,73.40032,73.40032,182.12025,0.116437893,182.003812107,182.236687893,99.28704,0.0,99.28704,99.28704
4.7,100.0,99.296969697,0.0,99.296969697,99.296969697,99.28704,0.0,99.28704,99.28704,99.296969697,0.0,99.296969697,99.296969697,99.28704,0.0,99.28704,99.28704,146.625,0.0,146.625,146.625,99.28704,0.0,99.28704,99.28704,182.12025,0.116437893,182.003812107,182.236687893,99.28704,0.0,99.28704,99.28704
4.9,100.0,98.262626263,0.0,98.262626263,98.262626263,99.28704,0.0,99.28704,99.28704,99.296969697,0.0,99.296969697,99.296969697,99.28704,0.0,99.28704,99.28704,82.06415,0.0,82.06415,82.06415,99.28704,0.0,99.28704,99.28704,161.10165,0.129784768,160.971865232,161.231434768,99.28704,0.0,99.28704,99.28704
5.1,100.0,98.262626263,0.0,98.262626263,98.262626263,99.28704,0.0,99.28704,99.28704,99.296969697,0.0,99.296969697,99.296969697,99.28704,0.0,99.28704,99.28704,73.71625,0.0,73.71625,73.71625,99.28704,0.0,99.28704,99.28704,161.10165,0.129784768,160.971865232,161.231434768,99.28704,0.0,99.28704,99.28704
5.3,100.0,99.296969697,0.0,99.296969697,99.296969697,99.28704,0.0,99.28704,99.28704,99.296969697,0.0,99.296969697,99.296969697,99.28704,0.0,99.28704,99.28704,114.5235,0.0,114.5235,114.5235,99.28704,0.0,99.28704,99.28704,161.10165,0.129784768,160.971865232,161.231434768,99.28704,0.0,99.28704,99.28704
5.5,100.0,99.296969697,0.0,99.296969697,99.296969697,99.28704,0.0,99.28704,99.28704,99.296969697,0.0,99.296969697,99.296969697,99.28704,0.0,99.28704,99.28704,63.10635,0.0,63.10635,63.10635,99.28704,0.0,99.28704,99.28704,161.10165,0.129784768,160.971865232,161.231434768,99.28704,0.0,99.28704,99.28704
5.7,100.0,99.296969697,0.0,99.296969697,99.296969697,99.28704,0.0,99.28704,99.28704,99.296969697,0.0,99.296969697,99.296969697,99.28704,0.0,99.28704,99.28704,147.031,0.0,147.031,147.031,99.28704,0.0,99.28704,99.28704,135.2103,0.148594474,135.061705526,135.358894474,99.28704,0.0,99.28704,99.28704
5.9,100.0,100.353320438,0.0,100.353320438,100.353320438,99.28704,0.0,99.28704,99.28704,99.296969697,0.0,99.296969697,99.296969697,99.28704,0.0,99.28704,99.28704,60.26585,0.0,60.26585,60.26585,99.28704,0.0,99.28704,99.28704,135.2103,0.148594474,135.061705526,135.358894474,99.28704,0.0,99.28704,99.28704
6.1,100.0,99.296969697,0.0,99.296969697,99.296969697,99.28704,0.0,99.28704,99.28704,99.296969697,0.0,99.296969697,99.296969697,99.28704,0.0,99.28704,99.28704,121.547,0.0,121.547,121.547,99.28704,0.0,99.28704,99.28704,135.2103,0.148594474,135.061705526,135.358894474,99.28704,0.0,99.28704,99.28704
6.3,100.0,99.296969697,0.0,99.296969697,99.296969697,99.28704,0.0,99.28704,99.28704,99.296969697,0.0,99.296969697,99.296969697,99.28704,0.0,99.28704,99.28704,100.96605,0.0,100.96605,100.96605,99.28704,0.0,99.28704,99.28704,135.2103,0.148594474,135.061705526,135.358894474,99.28704,0.0,99.28704,99.28704
6.5,100.0,99.296969697,0.0,99.296969697,99.296969697,99.28704,0.0,99.28704,99.28704,99.296969697,0.0,99.296969697,99.296969697,99.28704,0.0,99.28704,99.28704,64.79945,0.0,64.79945,64.79945,99.28704,0.0,99.28704,99.28704,135.2103,0.148594474,135.061705526,135.358894474,99.28704,0.0,99.28704,99.28704
6.7,100.0,98.262626263,0.0,98.262626263,98.262626263,99.28704,0.0,99.28704,99.28704,99.296969697,0.0,99.296969697,99.296969697,99.28704,0.0,99.28704,99.28704,128.323,0.0,128.323,128.323,99.28704,0.0,99.28704,99.28704,135.2103,0.148594474,135.061705526,135.358894474,99.28704,0.0,99.28704,99.28704
6.9,100.0,98.262626263,0.0,98.262626263,98.262626263,99.28704,0.0,99.28704,99.28704,99.296969697,0.0,99.296969697,99.296969697,99.28704,0.0,99.28704,99.28704,48.3073,0.0,48.3073,48.3073,99.28704,0.0,99.28704,99.28704,122.2739,1.171000279,121.102899721,123.444900279,99.28704,0.0,99.28704,99.28704
7.1,100.0,99.296969697,0.0,99.296969697,99.296969697,99.28704,0.0,99.28704,99.28704,99.296969697,0.0,99.296969697,99.296969697,99.28704,0.0,99.28704,99.28704,96.48985,0.0,96.48985,96.48985,92.73344,0.0,92.73344,92.73344,110.58185,0.118842313,110.463007687,110.700692313,99.28704,0.0,99.28704,99.28704
7.3,100.0,99.296969697,0.0,99.296969697,99.296969697,99.28704,0.0,99.28704,99.28704,99.296969697,0.0,99.296969697,99.296969697,99.28704,0.0,99.28704,99.28704,145.7975,0.0,145.7975,145.7975,99.28704,0.0,99.28704,99.28704,110.58185,0.118842313,110.463007687,110.700692313,99.28704,0.0,99.28704,99.28704
7.5,100.0,99.816384823,0.0,99.816384823,99.816384823,99.28704,0.0,99.28704,99.28704,99.296969697,0.0,99.296969697,99.296969697,99.28704,0.0,99.28704,99.28704,64.3466,0.0,64.3466,64.3466,99.28704,0.0,99.28704,99.28704,110.58185,0.118842313,110.463007687,110.700692313,99.28704,0.0,99.28704,99.28704
7.7,100.0,100.353320438,0.0,100.353320438,100.353320438,99.28704,0.0,99.28704,99.28704,99.296969697,0.0,99.296969697,99.296969697,99.28704,0.0,99.28704,99.28704,143.0995,0.0,143.0995,143.0995,99.28704,0.0,99.28704,99.28704,110.58185,0.118842313,110.463007687,110.700692313,99.28704,0.0,99.28704,99.28704
7.9,100.0,100.353320438,0.0,100.353320438,100.353320438,99.28704,0.0,99.28704,99.28704,99.296969697,0.0,99.296969697,99.296969697,99.28704,0.0,99.28704,99.28704,81.4519,0.0,81.4519,81.4519,99.61472,0.0,99.61472,99.61472,110.58185,0.118842313,110.463007687,110.700692313,99.28704,0.0,99.28704,99.28704
8.1,200.0,130.668351232,0.0,130.668351232,130.668351232,131.072,0.0,131.072,131.072,199.805,0.0,199.805,199.805,184.81152,0.0,184.81152,184.81152,113.902,0.0,113.902,113.902,137.29792,0.0,137.29792,137.29792,110.58185,0.118842313,110.463007687,110.700692313,196.93568,0.0,196.93568,196.93568
8.3,200.0,151.368288061,0.0,151.368288061,151.368288061,152.04352,0.0,152.04352,152.04352,199.805,0.0,199.805,199.805,198.57408,0.0,198.57408,198.57408,192.59,0.0,192.59,192.59,182.51776,0.0,182.51776,182.51776,110.0599525,0.975302752,109.084649748,111.035255252,198.57408,0.0,198.57408,198.57408
8.5,200.0,171.709071117,0.0,171.709071117,171.709071117,170.72128,0.0,170.72128,170.72128,199.805,0.0,199.805,199.805,198.57408,0.0,198.57408,198.57408,199.805,0.0,199.805,199.805,198.57408,0.0,198.57408,198.57408,89.948255,0.091448054,89.856806946,90.039703054,198.57408,0.0,198.57408,198.57408
8.7,200.0,192.661771623,0.0,192.661771623,192.661771623,190.0544,0.0,190.0544,190.0544,199.805,0.0,199.805,199.805,198.57408,0.0,198.57408,198.57408,199.805,0.0,199.805,199.805,198.57408,0.0,198.57408,198.57408,89.948255,0.091448054,89.856806946,90.039703054,198.57408,0.0,198.57408,198.57408
8.9,200.0,200.0,0.0,200.0,200.0,198.57408,0.0,198.57408,198.57408,199.805,0.0,199.805,199.805,198.90176,0.0,198.90176,198.90176,199.805,0.0,199.805,199.805,198.57408,0.0,198.57408,198.57408,89.948255,0.091448054,89.856806946,90.039703054,198.57408,0.0,198.57408,198.57408
9.1,200.0,200.0,0.0,200.0,200.0,198.57408,0.0,198.57408,198.57408,199.5015,0.0,199.5015,199.5015,198.57408,0.0,198.57408,198.57408,199.805,0.0,199.805,199.805,198.57408,0.0,198.57408,198.57408,89.948255,0.091448054,89.856806946,90.039703054,198.57408,0.0,198.57408,198.57408
9.3,200.0,200.0,0.0,200.0,200.0,198.57408,0.0,198.57408,198.57408,199.618098948,0.0,199.618098948,199.618098948,198.57408,0.0,198.57408,198.57408,199.805,0.0,199.805,199.805,198.57408,0.0,198.57408,198.57408,73.102405,0.077514383,73.024890617,73.179919383,198.57408,0.0,198.57408,198.57408
9.5,200.0,200.0,0.0,200.0,200.0,198.57408,0.0,198.57408,198.57408,198.593939394,0.0,198.593939394,198.593939394,198.57408,0.0,198.57408,198.57408,199.805,0.0,199.805,199.805,198.57408,0.0,198.57408,198.57408,72.7577275,0.644422552,72.113304948,73.402150052,198.57408,0.0,198.57408,198.57408
9.7,200.0,200.0,0.0,200.0,200.0,198.57408,0.0,198.57408,198.57408,198.593939394,0.0,198.593939394,198.593939394,198.57408,0.0,198.57408,198.57408,199.805,0.0,199.805,199.805,198.57408,0.0,198.57408,198.57408,59.42262,0.114928219,59.307691781,59.537548219,117.489664,0.59805168,116.89161232,118.08771568
9.9,200.0,199.290499153,0.0,199.290499153,199.290499153,198.57408,0.0,198.57408,198.57408,198.593939394,0.0,198.593939394,198.593939394,198.57408,0.0,198.57408,198.57408,199.805,0.0,199.805,199.805,198.57408,0.0,198.57408,198.57408,133.035275,0.997292808,132.037982192,134.032567808,127.909888,1.027276361,126.882611639,128.937164361
10.1,200.0,200.0,0.0,200.0,200.0,198.57408,0.0,198.57408,198.57408,198.593939394,0.0,198.593939394,198.593939394,198.57408,0.0,198.57408,198.57408,199.805,0.0,199.805,199.805,198.57408,0.0,198.57408,198.57408,199.759725,0.094760575,199.664964425,199.854485575,192.18432,0.435184161,191.749135839,192.619504161
10.3,200.0,197.720739288,0.0,197.720739288,197.720739288,198.57408,0.0,198.57408,198.57408,198.593939394,0.0,198.593939394,198.593939394,198.57408,0.0,198.57408,198.57408,199.805,0.0,199.805,199.805,198.57408,0.0,198.57408,198.57408,199.805,0.0,199.805,199.805,198.57408,0.0,198.57408,198.57408
10.5,200.0,200.0,0.0,200.0,200.0,198.57408,0.0,198.57408,198.57408,198.593939394,0.0,198.593939394,198.593939394,198.57408,0.0,198.57408,198.57408,199.805,0.0,199.805,199.805,198.57408,0.0,198.57408,198.57408,199.805,0.0,199.805,199.805,198.57408,0.0,198.57408,198.57408
10.7,200.0,199.381163579,0.0,199.381163579,199.381163579,198.57408,0.0,198.57408,198.57408,198.593939394,0.0,198.593939394,198.593939394,198.57408,0.0,198.57408,198.57408,199.805,0.0,199.805,199.805,198.57408,0.0,198.57408,198.57408,199.805,0.0,199.805,199.805,198.57408,0.0,198.57408,198.57408
10.9,200.0,199.569496177,0.0,199.569496177,199.569496177,198.57408,0.0,198.57408,198.57408,198.593939394,0.0,198.593939394,198.593939394,198.57408,0.0,198.57408,198.57408,199.805,0.0,199.805,199.805,198.57408,0.0,198.57408,198.57408,199.805,0.0,199.805,199.805,198.852608,0.056182034,198.796425966,198.908790034
11.1,200.0,198.847818736,0.0,198.847818736,198.847818736,198.90176,0.0,198.90176,198.90176,198.593939394,0.0,198.593939394,198.593939394,198.57408,0.0,198.57408,198.57408,199.805,0.0,199.805,199.805,198.57408,0.0,198.57408,198.57408,199.805,0.0,199.805,199.805,198.57408,0.0,198.57408,198.57408
11.3,200.0,200.0,0.0,200.0,200.0,198.57408,0.0,198.57408,198.57408,198.593939394,0.0,198.593939394,198.593939394,198.57408,0.0,198.57408,198.57408,199.805,0.0,199.805,199.805,198.57408,0.0,198.57408,198.57408,199.805,0.0,199.805,199.805,198.57408,0.0,198.57408,198.57408
11.5,200.0,199.459007833,0.0,199.459007833,199.459007833,198.57408,0.0,198.57408,198.57408,198.593939394,0.0,198.593939394,198.593939394,198.57408,0.0,198.57408,198.57408,199.805,0.0,199.805,199.805,198.57408,0.0,198.57408,198.57408,199.805,0.0,199.805,199.805,198.57408,0.0,198.57408,198.57408
11.7,200.0,199.217143109,0.0,199.217143109,199.217143109,198.57408,0.0,198.57408,198.57408,198.593939394,0.0,198.593939394,198.593939394,198.57408,0.0,198.57408,198.57408,199.805,0.0,199.805,199.805,198.90176,0.0,198.90176,198.90176,199.805,0.0,199.805,199.805,198.57408,0.0,198.57408,198.57408
11.9,200.0,200.0,0.0,200.0,200.0,198.57408,0.0,198.57408,198.57408,198.593939394,0.0,198.593939394,198.593939394,198.57408,0.0,198.57408,198.57408,199.805,0.0,199.805,199.805,198.57408,0.0,198.57408,198.57408,199.805,0.0,199.805,199.805,198.57408,0.0,198.57408,198.57408
