physicalA,jobs,arborMedian,arborMinus,arborPlus,arborStatus,atpMedian,atpMinus,atpPlus,atpStatus,switchmlMedian,switchmlMinus,switchmlPlus,switchmlStatus
8,1,18.165638454,0.284603836,0.309119097,PASS,13.743191696,0.030111943,0.017493008,PASS,13.341443966,0.023174100,0.015966153,PASS
16,1,28.072709171,2.266818437,0.174585750,PASS,26.817425428,0.897159693,0.103706876,PASS,24.901687135,0.032137193,0.061668449,PASS
24,1,40.375341205,0.155471258,0.186994901,PASS,39.853295109,1.186593487,0.287906696,PASS,36.942777361,0.041998203,0.030682947,PASS
32,1,64.423220976,0.004638045,0.021653045,PASS,51.164477787,1.763967653,0.297993696,PASS,47.852528148,0.270497032,0.088966665,PASS
40,1,84.541274880,0.244246869,0.193476615,PASS,60.304997847,0.308896631,0.172316919,PASS,58.452756095,0.036367544,0.150785458,PASS
48,1,95.540532095,0.174802380,0.088493395,PASS,70.357719652,0.392836654,0.293713167,PASS,67.049474928,0.162041775,0.108431133,PASS
56,1,95.666514371,0.415838053,0.095559010,PASS,78.116084259,0.957508687,0.568086835,PASS,72.705024245,0.521845168,0.546452189,PASS
64,1,95.707444870,0.182212316,0.039257940,PASS,84.451854644,0.949000555,0.596679350,PASS,78.506220445,0.632073278,0.494829624,PASS
72,1,95.731337173,0.240086061,0.135044742,PASS,87.558673850,0.234391245,0.326799395,PASS,79.371667584,0.213109814,1.147768962,PASS
80,1,95.671628769,0.205847877,0.208449811,PASS,87.564557609,0.052240672,1.025487690,PASS,87.592873545,0.516449422,0.133539860,PASS
88,1,96.017260793,0.085784845,0.417376367,PASS,91.322561824,0.233654981,0.522966464,PASS,86.856293823,0.910743575,0.254745751,PASS
96,1,96.208252603,0.048249737,0.112195206,PASS,87.988142181,0.109113751,0.378775692,PASS,92.680536067,0.715657626,0.545641608,PASS
104,1,96.010392360,0.039474429,0.419048502,PASS,88.564616576,1.104250047,0.442900316,PASS,91.034353468,0.516481585,0.165343750,PASS
112,1,96.172060762,0.268003599,0.136291915,PASS,93.226339561,1.229092259,1.197101374,PASS,95.420375745,0.591854924,0.069618518,PASS
120,1,97.255699431,0.131956826,0.160589876,PASS,91.150674847,1.559423993,1.196069586,PASS,92.233087995,1.008193277,0.081644405,PASS
128,1,97.176482343,0.124724868,0.142683810,PASS,91.982399553,0.793762521,0.536089120,PASS,95.478480343,0.187330138,0.157699846,PASS
136,1,97.391548662,0.081202285,0.065413290,PASS,90.448942184,3.681393227,3.285001713,PASS,92.965336198,0.241901546,0.112790557,PASS
144,1,97.407451920,0.028268868,0.008837387,PASS,93.623608169,1.235481986,0.700693856,PASS,95.918655715,0.206330958,0.081916493,PASS
152,1,97.433968893,0.042420231,0.045996971,PASS,94.598469850,0.708403254,0.218294111,PASS,92.706942812,62.133846317,0.614909695,PASS
160,1,97.441042525,0.024753218,0.030074396,PASS,93.100465857,0.691221334,1.637257893,PASS,96.108498034,0.068014661,0.074038327,PASS
8,2,28.366395545,0.387829465,0.873585829,PASS,19.454100186,0.165779970,0.260440710,PASS,13.323333352,0.000452962,0.005818505,PASS
16,2,39.959875105,0.084883033,0.084946496,PASS,28.941500501,1.115906201,1.512141655,PASS,24.991558643,0.051801847,0.041274520,PASS
24,2,51.881360450,0.288922241,0.451104885,PASS,35.501442023,0.713787676,0.814278483,PASS,37.155959117,0.011208372,0.021432978,PASS
32,2,60.258591945,2.215355878,0.955716720,PASS,39.060554197,0.283760573,1.313754650,PASS,48.197017171,0.022878098,0.180540337,PASS
40,2,78.614602403,34.042875145,3.424319985,PASS,42.615634570,1.157364823,0.601257074,PASS,58.299832226,0.085278775,0.044349939,PASS
48,2,85.191236363,3.171740668,3.077235337,PASS,43.609856410,2.119482868,0.830156834,PASS,67.884872954,0.041091188,0.119954650,PASS
56,2,96.710844667,0.115713009,0.098530609,PASS,46.025857148,0.779439849,0.337613815,PASS,72.306041498,0.293385684,0.045798595,PASS
64,2,96.713457932,0.107897368,0.346195136,PASS,47.012657239,0.631362121,0.787679135,PASS,81.180241089,1.802330310,0.242174720,PASS
72,2,96.804138515,0.116806881,0.191509542,PASS,47.178737222,0.605034008,1.976758027,PASS,79.941111076,0.206938922,1.087323914,PASS
80,2,96.772729845,0.117601211,0.188758338,PASS,48.132503976,1.267790330,1.485512896,PASS,87.113499024,0.043514577,0.532884734,PASS
88,2,96.973747934,0.160008258,0.107844081,PASS,48.427697923,1.405734875,1.633043248,PASS,87.962884828,0.192699861,0.335928361,PASS
96,2,96.815485546,0.150785288,0.158262388,PASS,48.737637862,0.811378848,2.386060003,PASS,93.424421482,0.343228577,0.234694596,PASS
104,2,96.779707788,0.033136270,0.298373328,PASS,48.518072764,1.199494390,4.720747569,PASS,91.080283927,0.169037347,0.264528159,PASS
112,2,97.619105216,0.236389453,0.117291140,PASS,52.045170171,3.243781224,1.422063763,PASS,95.753533566,0.038751615,0.074689544,PASS
120,2,96.829454775,0.268201515,0.151300123,PASS,52.071469709,2.806997934,0.379201811,PASS,92.497607233,0.072135742,0.040336758,PASS
128,2,96.844301498,0.061976722,0.226758585,PASS,51.103599815,1.611416574,1.397953803,PASS,95.877681381,0.219348909,0.230679014,PASS
136,2,97.802273858,0.036510664,0.066858416,PASS,52.902911345,0.927173296,1.323077734,PASS,92.668122096,0.142617693,0.237014354,PASS
144,2,96.922977713,0.113602437,0.125271021,PASS,52.015470039,1.625401053,2.877734654,PASS,96.226186268,0.030862449,0.241720468,PASS
152,2,97.865564184,0.036557925,0.084812478,PASS,54.186309671,2.463396113,0.610862646,PASS,93.674150536,62.126744773,0.048077273,PASS
160,2,97.705268982,0.260689256,0.130868386,PASS,55.431750103,2.266212823,0.600340105,PASS,96.018291143,0.179290822,0.186168656,PASS
8,4,42.319368289,0.267255621,0.109197032,PASS,26.406621638,0.276080516,0.452388036,PASS,13.420363662,0.008063299,0.008022618,PASS
16,4,46.424550570,0.844063030,0.316066911,PASS,30.254489716,0.466621897,0.692280397,PASS,25.217365932,0.011300843,0.015057868,PASS
24,4,53.477592730,0.516335560,0.135244690,PASS,32.331795066,0.284114798,0.399296553,PASS,36.834662273,0.270048439,0.099067500,PASS
32,4,60.742997828,0.133721137,0.093784073,PASS,36.477895976,1.013741418,0.117885635,PASS,48.699705645,0.037895272,0.039193217,PASS
40,4,71.563943095,0.627386856,2.333052758,PASS,37.948500762,0.331081882,0.474359824,PASS,58.996738685,0.096085630,0.053014940,PASS
48,4,91.139115976,0.103928944,0.065415108,PASS,39.065229662,0.904485824,0.164277729,PASS,68.524975446,0.054009971,0.201230960,PASS
56,4,91.047151888,0.224875287,0.128337237,PASS,41.262150052,0.429999741,0.155708269,PASS,74.081405926,0.115535950,0.155397557,PASS
64,4,94.787367826,0.197481511,0.231509903,PASS,42.639784065,0.124767627,0.029161369,PASS,81.844507134,0.220992693,0.011043610,PASS
72,4,96.331681724,0.630208066,0.413582250,PASS,42.974667026,0.350760062,0.201994277,PASS,83.125160078,0.276628485,0.392398694,PASS
80,4,96.500505446,0.161909242,0.257835569,PASS,44.641681991,0.587536356,0.368427766,PASS,90.430263860,0.385471823,0.491221209,PASS
88,4,96.718684886,0.147010035,0.158382840,PASS,45.866331315,0.500108547,0.377632117,PASS,88.254687007,0.335593332,0.327932765,PASS
96,4,96.708231543,0.283120502,0.117730547,PASS,46.860357211,0.198064237,0.555406537,PASS,94.115063959,0.402242900,0.205608918,PASS
104,4,96.678190765,1.078965002,0.180962010,PASS,47.603801417,0.781594854,0.205112147,PASS,91.599627371,0.317327728,0.040808580,PASS
112,4,96.965428480,0.408951031,0.151725683,PASS,49.023822632,0.405881105,0.453194929,PASS,96.535729865,0.074496212,0.088956209,PASS
120,4,96.579058173,0.198089105,0.277910305,PASS,48.978762738,0.145635548,0.851422309,PASS,92.562593824,0.110781152,0.165309046,PASS
128,4,96.860900283,0.280539054,0.091832834,PASS,49.978696881,0.153945658,0.516159964,PASS,96.175334142,0.048388849,0.112809166,PASS
136,4,96.546927244,0.763497658,0.243249346,PASS,50.218006221,0.444505811,0.248015447,PASS,92.661964336,61.930205931,0.334741368,PASS
144,4,96.511781403,1.498789278,0.694612224,PASS,50.554696903,0.485178478,0.354435661,PASS,96.635382274,0.126897192,0.274473861,PASS
152,4,96.304897483,1.108689934,0.358497442,PASS,52.231198766,0.957949590,0.367390920,PASS,93.705869457,0.053288595,0.155389128,PASS
160,4,96.756597206,0.111038300,0.381643120,PASS,51.136382855,0.204285215,1.063685012,PASS,95.957624076,0.192988452,0.096313607,PASS
